Source IP,Destination IP
192.168.0.149,192.168.0.121
192.168.0.149,192.168.0.121
192.168.0.149,192.168.0.121
192.168.0.149,192.168.0.121
192.168.0.149,192.168.0.121
192.168.0.149,172.183.60.104
192.168.0.149,192.168.0.121
192.168.0.149,192.168.0.121
192.168.0.149,192.168.0.121
192.168.0.149,192.168.0.121
192.168.0.149,192.168.0.121
192.168.0.149,172.183.60.104
192.168.0.149,192.168.0.121
192.168.0.149,192.168.0.121
192.168.0.149,192.168.0.121
192.168.0.149,162.159.133.234
192.168.0.149,192.168.0.121
192.168.0.149,192.168.0.121
192.168.0.149,192.168.0.121
192.168.0.149,192.168.0.121
192.168.0.149,192.168.0.121
192.168.0.149,192.168.0.121
192.168.0.149,192.168.0.121
192.168.0.149,192.168.0.121
192.168.0.149,192.168.0.121
192.168.0.149,192.168.0.121
192.168.0.149,172.183.60.104
192.168.0.149,192.168.0.121
192.168.0.149,192.168.0.121
192.168.0.149,192.168.0.121
192.168.0.149,192.168.0.121
192.168.0.149,192.168.0.121
192.168.0.149,172.183.60.104
192.168.0.149,192.168.0.121
192.168.0.149,192.168.0.121
192.168.0.149,172.183.60.104
192.168.0.149,162.159.133.234
192.168.0.149,162.159.133.234
192.168.0.149,192.168.0.121
192.168.0.149,192.168.0.121
192.168.0.149,192.168.0.121
192.168.0.149,192.168.0.121
192.168.0.149,192.168.0.121
192.168.0.68,224.0.0.251
192.168.0.149,192.168.0.121
192.168.0.149,192.168.0.121
192.168.0.149,192.168.0.121
192.168.0.149,172.183.60.104
192.168.0.149,192.168.0.121
192.168.0.149,192.168.0.121
192.168.0.149,192.168.0.121
192.168.0.149,192.168.0.121
192.168.0.149,192.168.0.121
192.168.0.149,172.183.60.104
192.168.0.149,162.159.133.234
192.168.0.68,224.0.0.251
192.168.0.149,192.168.0.121
192.168.0.149,192.168.0.121
192.168.0.149,192.168.0.121
192.168.0.149,192.168.0.121
192.168.0.149,172.183.60.104
192.168.0.149,192.168.0.121
192.168.0.149,162.159.133.234
192.168.0.149,192.168.0.121
192.168.0.149,192.168.0.121
192.168.0.149,192.168.0.121
192.168.0.149,192.168.0.121
192.168.0.149,172.183.60.104
192.168.0.149,192.168.0.121
192.168.0.149,192.168.0.121
192.168.0.149,192.168.0.121
192.168.0.149,192.168.0.121
192.168.0.149,192.168.0.121
192.168.0.68,224.0.0.251
192.168.0.149,192.168.0.121
192.168.0.149,192.168.0.121
192.168.0.149,192.168.0.121
192.168.0.149,192.168.0.121
192.168.0.149,192.168.0.121
192.168.0.149,192.168.0.121
192.168.0.149,192.168.0.121
192.168.0.149,192.168.0.121
192.168.0.149,192.168.0.121
192.168.0.149,192.168.0.121
192.168.0.149,192.168.0.121
192.168.0.149,192.168.0.121
192.168.0.149,192.168.0.121
192.168.0.149,192.168.0.121
192.168.0.149,192.168.0.121
192.168.0.149,192.168.0.121
192.168.0.149,192.168.0.121
192.168.0.149,192.168.0.121
192.168.0.149,192.168.0.121
192.168.0.149,192.168.0.121
192.168.0.149,192.168.0.121
192.168.0.149,192.168.0.121
192.168.0.149,192.168.0.121
192.168.0.149,192.168.0.121
192.168.0.149,192.168.0.121
192.168.0.149,192.168.0.121
192.168.0.149,192.168.0.121
192.168.0.149,192.168.0.121
192.168.0.149,192.168.0.121
192.168.0.149,192.168.0.121
192.168.0.149,192.168.0.121
192.168.0.149,192.168.0.121
192.168.0.149,192.168.0.121
192.168.0.149,192.168.0.121
192.168.0.149,192.168.0.121
192.168.0.149,192.168.0.121
192.168.0.149,192.168.0.121
192.168.0.149,192.168.0.121
192.168.0.149,192.168.0.121
192.168.0.149,192.168.0.121
192.168.0.149,192.168.0.121
192.168.0.149,192.168.0.121
192.168.0.149,192.168.0.121
192.168.0.149,192.168.0.121
192.168.0.149,192.168.0.121
192.168.0.149,192.168.0.121
192.168.0.149,192.168.0.121
192.168.0.149,192.168.0.121
192.168.0.149,192.168.0.121
192.168.0.149,192.168.0.121
192.168.0.149,192.168.0.121
192.168.0.149,192.168.0.121
192.168.0.149,192.168.0.121
192.168.0.149,192.168.0.121
192.168.0.149,192.168.0.121
192.168.0.149,192.168.0.121
192.168.0.149,192.168.0.121
192.168.0.149,192.168.0.121
192.168.0.149,192.168.0.121
192.168.0.149,192.168.0.121
192.168.0.149,192.168.0.121
192.168.0.149,192.168.0.121
192.168.0.149,192.168.0.121
192.168.0.149,192.168.0.121
192.168.0.149,192.168.0.121
192.168.0.149,192.168.0.121
192.168.0.149,192.168.0.121
192.168.0.149,192.168.0.121
192.168.0.149,192.168.0.121
192.168.0.149,192.168.0.121
192.168.0.149,192.168.0.121
192.168.0.149,192.168.0.121
192.168.0.149,192.168.0.121
192.168.0.149,192.168.0.121
192.168.0.149,192.168.0.121
192.168.0.149,192.168.0.121
192.168.0.149,192.168.0.121
192.168.0.149,192.168.0.121
192.168.0.149,192.168.0.121
192.168.0.149,192.168.0.121
192.168.0.149,192.168.0.121
192.168.0.149,192.168.0.121
192.168.0.149,192.168.0.121
192.168.0.149,192.168.0.121
192.168.0.149,192.168.0.121
192.168.0.149,192.168.0.121
192.168.0.149,192.168.0.121
192.168.0.149,192.168.0.121
192.168.0.149,192.168.0.121
192.168.0.149,192.168.0.121
192.168.0.149,192.168.0.121
192.168.0.149,192.168.0.121
192.168.0.149,192.168.0.121
192.168.0.149,192.168.0.121
192.168.0.149,192.168.0.121
192.168.0.149,192.168.0.121
192.168.0.149,192.168.0.121
192.168.0.149,192.168.0.121
192.168.0.149,192.168.0.121
192.168.0.149,192.168.0.121
192.168.0.149,192.168.0.121
192.168.0.149,192.168.0.121
192.168.0.149,192.168.0.121
192.168.0.149,192.168.0.121
192.168.0.149,192.168.0.121
192.168.0.149,192.168.0.121
192.168.0.149,192.168.0.121
192.168.0.149,192.168.0.121
192.168.0.149,192.168.0.121
192.168.0.149,192.168.0.121
192.168.0.149,192.168.0.121
192.168.0.149,192.168.0.121
192.168.0.149,192.168.0.121
192.168.0.149,192.168.0.121
192.168.0.149,192.168.0.121
192.168.0.149,192.168.0.121
192.168.0.149,192.168.0.121
192.168.0.149,192.168.0.121
192.168.0.149,192.168.0.121
192.168.0.149,192.168.0.121
192.168.0.149,192.168.0.121
192.168.0.149,192.168.0.121
192.168.0.149,192.168.0.121
192.168.0.149,192.168.0.121
192.168.0.149,192.168.0.121
192.168.0.149,192.168.0.121
192.168.0.149,192.168.0.121
192.168.0.149,192.168.0.121
192.168.0.149,192.168.0.121
192.168.0.149,192.168.0.121
192.168.0.149,192.168.0.121
192.168.0.149,192.168.0.121
192.168.0.149,192.168.0.121
192.168.0.149,192.168.0.121
192.168.0.149,192.168.0.121
192.168.0.149,192.168.0.121
192.168.0.149,192.168.0.121
192.168.0.149,192.168.0.121
192.168.0.149,192.168.0.121
192.168.0.149,192.168.0.121
192.168.0.149,192.168.0.121
192.168.0.149,192.168.0.121
192.168.0.149,192.168.0.121
192.168.0.149,192.168.0.121
192.168.0.149,192.168.0.121
192.168.0.149,192.168.0.121
192.168.0.149,192.168.0.121
192.168.0.149,192.168.0.121
192.168.0.149,192.168.0.121
192.168.0.149,192.168.0.121
192.168.0.149,192.168.0.121
192.168.0.149,192.168.0.121
192.168.0.149,192.168.0.121
192.168.0.149,192.168.0.121
192.168.0.149,192.168.0.121
192.168.0.149,192.168.0.121
192.168.0.149,192.168.0.121
192.168.0.149,192.168.0.121
192.168.0.149,192.168.0.121
192.168.0.149,192.168.0.121
192.168.0.149,192.168.0.121
192.168.0.149,192.168.0.121
192.168.0.149,192.168.0.121
192.168.0.149,192.168.0.121
192.168.0.149,192.168.0.121
192.168.0.149,192.168.0.121
192.168.0.149,192.168.0.121
192.168.0.149,192.168.0.121
192.168.0.149,192.168.0.121
192.168.0.149,192.168.0.121
192.168.0.149,192.168.0.121
192.168.0.149,192.168.0.121
192.168.0.149,192.168.0.121
192.168.0.149,192.168.0.121
192.168.0.149,192.168.0.121
192.168.0.149,192.168.0.121
192.168.0.149,192.168.0.121
192.168.0.149,192.168.0.121
192.168.0.149,192.168.0.121
192.168.0.149,192.168.0.121
192.168.0.149,192.168.0.121
192.168.0.149,192.168.0.121
192.168.0.149,192.168.0.121
192.168.0.149,192.168.0.121
192.168.0.149,192.168.0.121
192.168.0.149,192.168.0.121
192.168.0.149,192.168.0.121
192.168.0.149,192.168.0.121
192.168.0.149,192.168.0.121
192.168.0.149,192.168.0.121
192.168.0.149,192.168.0.121
192.168.0.149,192.168.0.121
192.168.0.149,192.168.0.121
192.168.0.149,192.168.0.121
192.168.0.149,192.168.0.121
192.168.0.149,192.168.0.121
192.168.0.149,192.168.0.121
192.168.0.149,192.168.0.121
192.168.0.149,192.168.0.121
192.168.0.149,192.168.0.121
192.168.0.149,192.168.0.121
192.168.0.149,192.168.0.121
192.168.0.149,192.168.0.121
192.168.0.149,192.168.0.121
192.168.0.149,192.168.0.121
192.168.0.149,192.168.0.121
192.168.0.149,192.168.0.121
192.168.0.149,192.168.0.121
192.168.0.149,192.168.0.121
192.168.0.149,192.168.0.121
192.168.0.149,192.168.0.121
192.168.0.149,192.168.0.121
192.168.0.149,192.168.0.121
192.168.0.149,192.168.0.121
192.168.0.149,192.168.0.121
192.168.0.149,192.168.0.121
192.168.0.149,192.168.0.121
192.168.0.149,192.168.0.121
192.168.0.149,192.168.0.121
192.168.0.149,192.168.0.121
192.168.0.149,192.168.0.121
192.168.0.149,192.168.0.121
192.168.0.149,192.168.0.121
192.168.0.149,192.168.0.121
192.168.0.149,192.168.0.121
192.168.0.149,192.168.0.121
192.168.0.149,192.168.0.121
192.168.0.149,192.168.0.121
192.168.0.149,192.168.0.121
192.168.0.149,192.168.0.121
192.168.0.149,192.168.0.121
192.168.0.149,192.168.0.121
192.168.0.149,192.168.0.121
192.168.0.149,192.168.0.121
192.168.0.149,192.168.0.121
192.168.0.149,192.168.0.121
192.168.0.149,192.168.0.121
192.168.0.149,192.168.0.121
192.168.0.149,192.168.0.121
192.168.0.149,192.168.0.121
192.168.0.149,192.168.0.121
192.168.0.149,192.168.0.121
192.168.0.149,192.168.0.121
192.168.0.149,192.168.0.121
192.168.0.149,192.168.0.121
192.168.0.149,192.168.0.121
192.168.0.149,192.168.0.121
192.168.0.149,192.168.0.121
192.168.0.149,192.168.0.121
192.168.0.149,192.168.0.121
192.168.0.149,192.168.0.121
192.168.0.149,192.168.0.121
192.168.0.149,192.168.0.121
192.168.0.149,192.168.0.121
192.168.0.149,192.168.0.121
192.168.0.149,192.168.0.121
192.168.0.149,192.168.0.121
192.168.0.149,192.168.0.121
192.168.0.149,192.168.0.121
192.168.0.149,192.168.0.121
192.168.0.149,192.168.0.121
192.168.0.149,192.168.0.121
192.168.0.149,192.168.0.121
192.168.0.149,192.168.0.121
192.168.0.149,192.168.0.121
192.168.0.149,192.168.0.121
192.168.0.149,192.168.0.121
192.168.0.149,192.168.0.121
192.168.0.149,192.168.0.121
192.168.0.149,192.168.0.121
192.168.0.149,192.168.0.121
192.168.0.149,192.168.0.121
192.168.0.149,192.168.0.121
192.168.0.149,192.168.0.121
192.168.0.149,192.168.0.121
192.168.0.149,192.168.0.121
192.168.0.149,192.168.0.121
192.168.0.149,192.168.0.121
192.168.0.149,192.168.0.121
192.168.0.149,192.168.0.121
192.168.0.149,192.168.0.121
192.168.0.149,192.168.0.121
192.168.0.149,192.168.0.121
192.168.0.149,192.168.0.121
192.168.0.149,192.168.0.121
192.168.0.149,192.168.0.121
192.168.0.149,192.168.0.121
192.168.0.149,192.168.0.121
192.168.0.149,192.168.0.121
192.168.0.149,192.168.0.121
192.168.0.149,192.168.0.121
192.168.0.149,192.168.0.121
192.168.0.149,192.168.0.121
192.168.0.149,192.168.0.121
192.168.0.149,192.168.0.121
192.168.0.149,192.168.0.121
192.168.0.149,192.168.0.121
192.168.0.149,192.168.0.121
192.168.0.149,192.168.0.121
192.168.0.149,192.168.0.121
192.168.0.149,192.168.0.121
192.168.0.149,192.168.0.121
192.168.0.149,192.168.0.121
192.168.0.149,192.168.0.121
192.168.0.149,192.168.0.121
192.168.0.149,192.168.0.121
192.168.0.149,192.168.0.121
192.168.0.149,192.168.0.121
192.168.0.149,192.168.0.121
192.168.0.149,192.168.0.121
192.168.0.149,192.168.0.121
192.168.0.149,192.168.0.121
192.168.0.149,192.168.0.121
192.168.0.149,192.168.0.121
192.168.0.149,192.168.0.121
192.168.0.149,192.168.0.121
192.168.0.149,192.168.0.121
192.168.0.149,192.168.0.121
192.168.0.149,192.168.0.121
192.168.0.149,192.168.0.121
192.168.0.149,192.168.0.121
192.168.0.149,192.168.0.121
192.168.0.149,192.168.0.121
192.168.0.149,192.168.0.121
192.168.0.149,192.168.0.121
192.168.0.149,192.168.0.121
192.168.0.149,192.168.0.121
192.168.0.149,192.168.0.121
192.168.0.149,192.168.0.121
192.168.0.149,192.168.0.121
192.168.0.149,192.168.0.121
192.168.0.149,192.168.0.121
192.168.0.149,192.168.0.121
192.168.0.149,192.168.0.121
192.168.0.149,192.168.0.121
192.168.0.149,192.168.0.121
192.168.0.149,192.168.0.121
192.168.0.149,192.168.0.121
192.168.0.149,192.168.0.121
192.168.0.149,192.168.0.121
192.168.0.149,192.168.0.121
192.168.0.149,192.168.0.121
192.168.0.149,192.168.0.121
192.168.0.149,192.168.0.121
192.168.0.149,192.168.0.121
192.168.0.149,192.168.0.121
192.168.0.149,192.168.0.121
192.168.0.149,192.168.0.121
192.168.0.149,192.168.0.121
192.168.0.149,192.168.0.121
192.168.0.149,192.168.0.121
192.168.0.149,192.168.0.121
192.168.0.149,192.168.0.121
192.168.0.149,192.168.0.121
192.168.0.149,192.168.0.121
192.168.0.149,192.168.0.121
192.168.0.149,192.168.0.121
192.168.0.149,192.168.0.121
192.168.0.149,192.168.0.121
192.168.0.149,192.168.0.121
192.168.0.149,192.168.0.121
192.168.0.149,192.168.0.121
192.168.0.149,192.168.0.121
192.168.0.149,192.168.0.121
192.168.0.149,192.168.0.121
192.168.0.149,192.168.0.121
192.168.0.149,192.168.0.121
192.168.0.149,192.168.0.121
192.168.0.149,192.168.0.121
192.168.0.149,192.168.0.121
192.168.0.149,192.168.0.121
192.168.0.149,192.168.0.121
192.168.0.149,192.168.0.121
192.168.0.149,192.168.0.121
192.168.0.149,192.168.0.121
192.168.0.149,192.168.0.121
192.168.0.149,192.168.0.121
192.168.0.149,192.168.0.121
192.168.0.149,192.168.0.121
192.168.0.149,192.168.0.121
192.168.0.149,192.168.0.121
192.168.0.149,192.168.0.121
192.168.0.149,192.168.0.121
192.168.0.149,192.168.0.121
192.168.0.149,192.168.0.121
192.168.0.149,192.168.0.121
192.168.0.149,192.168.0.121
192.168.0.149,192.168.0.121
192.168.0.149,192.168.0.121
192.168.0.149,192.168.0.121
192.168.0.149,192.168.0.121
192.168.0.149,192.168.0.121
192.168.0.149,192.168.0.121
192.168.0.149,192.168.0.121
192.168.0.149,192.168.0.121
192.168.0.149,192.168.0.121
192.168.0.149,192.168.0.121
192.168.0.149,172.183.60.104
192.168.0.149,162.159.133.234
192.168.0.149,192.168.0.121
192.168.0.149,192.168.0.121
192.168.0.68,224.0.0.251
192.168.0.149,192.168.0.121
192.168.0.149,192.168.0.121
192.168.0.149,192.168.0.121
192.168.0.149,192.168.0.121
192.168.0.149,192.168.0.121
192.168.0.149,192.168.0.121
192.168.0.149,192.168.0.121
192.168.0.149,192.168.0.121
192.168.0.149,192.168.0.121
192.168.0.149,192.168.0.121
192.168.0.68,224.0.0.251
192.168.0.149,192.168.0.121
192.168.0.149,192.168.0.121
192.168.0.149,192.168.0.121
192.168.0.149,192.168.0.121
192.168.0.149,192.168.0.121
192.168.0.149,192.168.0.121
192.168.0.149,172.183.60.104
192.168.0.149,192.168.0.121
192.168.0.149,192.168.0.121
192.168.0.149,192.168.0.121
192.168.0.149,192.168.0.121
192.168.0.149,192.168.0.121
192.168.0.149,192.168.0.121
192.168.0.149,192.168.0.121
192.168.0.149,192.168.0.121
192.168.0.149,192.168.0.121
192.168.0.149,192.168.0.121
192.168.0.149,192.168.0.121
192.168.0.149,192.168.0.121
192.168.0.149,192.168.0.121
192.168.0.149,192.168.0.121
192.168.0.149,192.168.0.121
192.168.0.68,224.0.0.251
192.168.0.149,192.168.0.121
192.168.0.149,192.168.0.121
192.168.0.149,192.168.0.121
192.168.0.149,192.168.0.121
192.168.0.149,192.168.0.121
192.168.0.149,172.183.60.104
192.168.0.149,192.168.0.121
192.168.0.149,192.168.0.121
192.168.0.149,162.159.133.234
192.168.0.149,192.168.0.121
192.168.0.149,192.168.0.121
192.168.0.149,192.168.0.121
192.168.0.149,192.168.0.121
192.168.0.149,192.168.0.121
192.168.0.68,224.0.0.251
192.168.0.149,192.168.0.121
192.168.0.149,192.168.0.121
192.168.0.149,192.168.0.121
192.168.0.149,192.168.0.121
192.168.0.149,172.183.60.104
192.168.0.149,162.159.133.234
192.168.0.149,192.168.0.121
192.168.0.149,192.168.0.121
192.168.0.149,192.168.0.121
192.168.0.149,192.168.0.121
192.168.0.149,192.168.0.121
192.168.0.149,192.168.0.121
192.168.0.149,192.168.0.121
192.168.0.149,192.168.0.121
192.168.0.149,192.168.0.121
192.168.0.149,192.168.0.121
192.168.0.149,192.168.0.121
192.168.0.149,192.168.0.121
192.168.0.149,192.168.0.121
192.168.0.149,172.183.60.104
192.168.0.149,192.168.0.121
192.168.0.149,192.168.0.121
192.168.0.149,192.168.0.121
192.168.0.149,162.159.133.234
192.168.0.149,192.168.0.121
192.168.0.149,172.183.60.104
192.168.0.149,192.168.0.121
192.168.0.149,192.168.0.121
192.168.0.149,192.168.0.121
192.168.0.149,192.168.0.121
192.168.0.149,192.168.0.121
192.168.0.149,192.168.0.121
192.168.0.149,192.168.0.121
192.168.0.149,192.168.0.121
192.168.0.149,192.168.0.121
192.168.0.149,192.168.0.121
192.168.0.149,172.183.60.104
192.168.0.68,224.0.0.251
192.168.0.149,192.168.0.121
192.168.0.149,192.168.0.121
192.168.0.149,192.168.0.121
192.168.0.149,192.168.0.121
192.168.0.149,192.168.0.121
192.168.0.149,192.168.0.121
192.168.0.149,192.168.0.121
192.168.0.149,172.183.60.104
192.168.0.149,192.168.0.121
192.168.0.149,192.168.0.121
192.168.0.149,192.168.0.121
192.168.0.149,192.168.0.121
192.168.0.149,192.168.0.121
192.168.0.149,192.168.0.121
192.168.0.149,192.168.0.121
192.168.0.149,192.168.0.121
192.168.0.149,172.183.60.104
192.168.0.149,192.168.0.121
192.168.0.149,162.159.133.234
192.168.0.149,192.168.0.121
192.168.0.149,192.168.0.121
192.168.0.149,192.168.0.121
192.168.0.149,192.168.0.121
192.168.0.149,192.168.0.121
192.168.0.149,192.168.0.121
192.168.0.149,192.168.0.121
192.168.0.149,192.168.0.121
192.168.0.149,172.183.60.104
192.168.0.149,192.168.0.121
192.168.0.149,192.168.0.121
192.168.0.149,192.168.0.121
192.168.0.149,192.168.0.121
192.168.0.149,192.168.0.121
192.168.0.149,192.168.0.121
192.168.0.149,192.168.0.121
192.168.0.149,192.168.0.121
192.168.0.149,192.168.0.121
192.168.0.149,192.168.0.121
192.168.0.149,192.168.0.121
192.168.0.149,192.168.0.121
192.168.0.149,192.168.0.121
192.168.0.149,192.168.0.121
192.168.0.149,192.168.0.121
192.168.0.149,192.168.0.121
192.168.0.149,192.168.0.121
192.168.0.149,192.168.0.121
192.168.0.149,192.168.0.121
192.168.0.149,192.168.0.121
192.168.0.149,192.168.0.121
192.168.0.149,192.168.0.121
192.168.0.149,192.168.0.121
192.168.0.149,192.168.0.121
192.168.0.149,192.168.0.121
192.168.0.149,192.168.0.121
192.168.0.149,192.168.0.121
192.168.0.149,192.168.0.121
192.168.0.149,192.168.0.121
192.168.0.149,192.168.0.121
192.168.0.149,192.168.0.121
192.168.0.149,192.168.0.121
192.168.0.149,192.168.0.121
192.168.0.149,192.168.0.121
192.168.0.149,192.168.0.121
192.168.0.149,192.168.0.121
192.168.0.149,192.168.0.121
192.168.0.149,192.168.0.121
192.168.0.149,192.168.0.121
192.168.0.149,192.168.0.121
192.168.0.149,192.168.0.121
192.168.0.149,192.168.0.121
192.168.0.149,192.168.0.121
192.168.0.149,192.168.0.121
192.168.0.149,192.168.0.121
192.168.0.149,192.168.0.121
192.168.0.149,192.168.0.121
192.168.0.149,192.168.0.121
192.168.0.149,192.168.0.121
192.168.0.149,192.168.0.121
192.168.0.149,192.168.0.121
192.168.0.149,192.168.0.121
192.168.0.149,192.168.0.121
192.168.0.149,192.168.0.121
192.168.0.149,192.168.0.121
192.168.0.149,192.168.0.121
192.168.0.149,192.168.0.121
192.168.0.149,192.168.0.121
192.168.0.149,192.168.0.121
192.168.0.149,192.168.0.121
192.168.0.149,192.168.0.121
192.168.0.149,192.168.0.121
192.168.0.149,192.168.0.121
192.168.0.149,192.168.0.121
192.168.0.149,192.168.0.121
192.168.0.149,192.168.0.121
192.168.0.149,192.168.0.121
192.168.0.149,192.168.0.121
192.168.0.149,192.168.0.121
192.168.0.149,192.168.0.121
192.168.0.149,192.168.0.121
192.168.0.149,192.168.0.121
192.168.0.149,192.168.0.121
192.168.0.149,192.168.0.121
192.168.0.149,192.168.0.121
192.168.0.149,192.168.0.121
192.168.0.149,192.168.0.121
192.168.0.149,192.168.0.121
192.168.0.149,192.168.0.121
192.168.0.149,192.168.0.121
192.168.0.149,192.168.0.121
192.168.0.149,192.168.0.121
192.168.0.149,192.168.0.121
192.168.0.149,192.168.0.121
192.168.0.149,192.168.0.121
192.168.0.149,192.168.0.121
192.168.0.149,192.168.0.121
192.168.0.149,192.168.0.121
192.168.0.149,192.168.0.121
192.168.0.149,192.168.0.121
192.168.0.149,192.168.0.121
192.168.0.149,192.168.0.121
192.168.0.149,192.168.0.121
192.168.0.149,192.168.0.121
192.168.0.149,192.168.0.121
192.168.0.149,192.168.0.121
192.168.0.149,192.168.0.121
192.168.0.149,192.168.0.121
192.168.0.149,192.168.0.121
192.168.0.149,192.168.0.121
192.168.0.149,192.168.0.121
192.168.0.149,192.168.0.121
192.168.0.149,192.168.0.121
192.168.0.149,192.168.0.121
192.168.0.149,192.168.0.121
192.168.0.149,192.168.0.121
192.168.0.149,192.168.0.121
192.168.0.149,192.168.0.121
192.168.0.149,192.168.0.121
192.168.0.149,192.168.0.121
192.168.0.149,192.168.0.121
192.168.0.149,192.168.0.121
192.168.0.149,192.168.0.121
192.168.0.149,162.159.133.234
192.168.0.149,192.168.0.121
192.168.0.149,172.183.60.104
192.168.0.149,192.168.0.121
192.168.0.149,192.168.0.121
192.168.0.149,192.168.0.121
192.168.0.149,192.168.0.121
192.168.0.149,162.159.133.234
192.168.0.149,192.168.0.121
192.168.0.149,192.168.0.121
192.168.0.149,192.168.0.121
192.168.0.149,192.168.0.121
192.168.0.149,192.168.0.121
192.168.0.149,172.183.60.104
192.168.0.149,192.168.0.121
192.168.0.149,192.168.0.121
192.168.0.149,192.168.0.121
192.168.0.149,192.168.0.121
192.168.0.149,192.168.0.121
192.168.0.149,192.168.0.121
192.168.0.149,192.168.0.121
192.168.0.149,162.159.133.234
192.168.0.149,192.168.0.121
192.168.0.149,192.168.0.121
192.168.0.149,192.168.0.121
192.168.0.149,192.168.0.121
192.168.0.149,172.183.60.104
192.168.0.149,192.168.0.121
192.168.0.149,192.168.0.121
192.168.0.149,192.168.0.121
192.168.0.149,192.168.0.121
192.168.0.149,192.168.0.121
192.168.0.149,192.168.0.121
192.168.0.149,192.168.0.121
192.168.0.149,192.168.0.121
192.168.0.149,192.168.0.121
192.168.0.149,172.183.60.104
192.168.0.149,192.168.0.121
192.168.0.149,192.168.0.121
192.168.0.149,192.168.0.121
192.168.0.149,192.168.0.121
192.168.0.149,192.168.0.121
192.168.0.149,192.168.0.121
192.168.0.149,192.168.0.121
192.168.0.149,192.168.0.121
192.168.0.149,192.168.0.121
192.168.0.149,162.159.133.234
192.168.0.149,192.168.0.121
192.168.0.149,192.168.0.121
192.168.0.149,192.168.0.121
192.168.0.149,192.168.0.121
192.168.0.149,192.168.0.121
192.168.0.149,192.168.0.121
192.168.0.149,192.168.0.121
192.168.0.149,192.168.0.121
192.168.0.149,192.168.0.121
192.168.0.149,192.168.0.121
192.168.0.149,192.168.0.121
192.168.0.149,172.183.60.104
192.168.0.149,192.168.0.121
192.168.0.149,192.168.0.121
192.168.0.149,192.168.0.121
192.168.0.149,192.168.0.121
192.168.0.149,192.168.0.121
192.168.0.149,192.168.0.121
192.168.0.149,192.168.0.121
192.168.0.149,192.168.0.121
192.168.0.149,192.168.0.121
192.168.0.149,192.168.0.121
192.168.0.149,192.168.0.121
192.168.0.149,172.183.60.104
192.168.0.149,192.168.0.121
192.168.0.149,192.168.0.121
192.168.0.149,192.168.0.121
192.168.0.149,192.168.0.121
192.168.0.149,192.168.0.121
192.168.0.149,192.168.0.121
192.168.0.149,192.168.0.121
192.168.0.149,172.183.60.104
192.168.0.149,192.168.0.121
192.168.0.149,192.168.0.121
192.168.0.149,162.159.133.234
192.168.0.149,192.168.0.121
192.168.0.149,192.168.0.121
192.168.0.149,192.168.0.121
192.168.0.149,192.168.0.121
192.168.0.149,192.168.0.121
192.168.0.149,192.168.0.121
192.168.0.149,192.168.0.121
192.168.0.149,192.168.0.121
192.168.0.149,192.168.0.121
192.168.0.149,192.168.0.121
192.168.0.149,192.168.0.121
192.168.0.149,192.168.0.121
192.168.0.149,192.168.0.121
192.168.0.149,192.168.0.121
192.168.0.149,192.168.0.121
192.168.0.149,192.168.0.121
192.168.0.149,172.183.60.104
192.168.0.149,192.168.0.121
192.168.0.149,192.168.0.121
192.168.0.149,192.168.0.121
192.168.0.149,192.168.0.121
192.168.0.149,192.168.0.121
192.168.0.149,192.168.0.121
192.168.0.149,192.168.0.121
192.168.0.149,192.168.0.121
192.168.0.149,192.168.0.121
192.168.0.149,192.168.0.121
192.168.0.149,192.168.0.121
192.168.0.149,192.168.0.121
192.168.0.149,192.168.0.121
192.168.0.149,192.168.0.121
192.168.0.149,192.168.0.121
192.168.0.149,192.168.0.121
192.168.0.149,172.183.60.104
192.168.0.149,192.168.0.121
192.168.0.149,192.168.0.121
192.168.0.149,192.168.0.121
192.168.0.149,192.168.0.121
192.168.0.149,192.168.0.121
192.168.0.149,192.168.0.121
192.168.0.149,192.168.0.121
192.168.0.149,192.168.0.121
192.168.0.149,192.168.0.121
192.168.0.149,192.168.0.121
192.168.0.149,192.168.0.121
192.168.0.149,192.168.0.121
192.168.0.149,192.168.0.121
192.168.0.149,192.168.0.121
192.168.0.149,192.168.0.121
192.168.0.149,192.168.0.121
192.168.0.149,192.168.0.121
192.168.0.149,192.168.0.121
192.168.0.149,192.168.0.121
192.168.0.149,192.168.0.121
192.168.0.149,192.168.0.121
192.168.0.149,192.168.0.121
192.168.0.149,192.168.0.121
192.168.0.149,192.168.0.121
192.168.0.149,192.168.0.121
192.168.0.149,192.168.0.121
192.168.0.149,192.168.0.121
192.168.0.149,192.168.0.121
192.168.0.149,192.168.0.121
192.168.0.149,192.168.0.121
192.168.0.149,192.168.0.121
192.168.0.149,192.168.0.121
192.168.0.149,192.168.0.121
192.168.0.149,192.168.0.121
192.168.0.149,192.168.0.121
192.168.0.149,192.168.0.121
192.168.0.149,192.168.0.121
192.168.0.149,192.168.0.121
192.168.0.149,192.168.0.121
192.168.0.149,192.168.0.121
192.168.0.149,192.168.0.121
192.168.0.149,192.168.0.121
192.168.0.149,192.168.0.121
192.168.0.149,192.168.0.121
192.168.0.149,192.168.0.121
192.168.0.149,192.168.0.121
192.168.0.149,192.168.0.121
192.168.0.149,192.168.0.121
192.168.0.149,192.168.0.121
192.168.0.149,192.168.0.121
192.168.0.149,192.168.0.121
192.168.0.149,192.168.0.121
192.168.0.149,192.168.0.121
192.168.0.149,192.168.0.121
192.168.0.149,192.168.0.121
192.168.0.149,192.168.0.121
192.168.0.149,192.168.0.121
192.168.0.149,192.168.0.121
192.168.0.149,192.168.0.121
192.168.0.149,192.168.0.121
192.168.0.149,192.168.0.121
192.168.0.149,192.168.0.121
192.168.0.149,192.168.0.121
192.168.0.149,192.168.0.121
192.168.0.149,192.168.0.121
192.168.0.149,192.168.0.121
192.168.0.149,192.168.0.121
192.168.0.149,192.168.0.121
192.168.0.149,192.168.0.121
192.168.0.149,192.168.0.121
192.168.0.149,192.168.0.121
192.168.0.149,192.168.0.121
192.168.0.149,192.168.0.121
192.168.0.149,192.168.0.121
192.168.0.149,192.168.0.121
192.168.0.149,192.168.0.121
192.168.0.149,192.168.0.121
192.168.0.149,192.168.0.121
192.168.0.149,192.168.0.121
192.168.0.149,192.168.0.121
192.168.0.149,192.168.0.121
192.168.0.149,192.168.0.121
192.168.0.149,192.168.0.121
192.168.0.149,192.168.0.121
192.168.0.149,192.168.0.121
192.168.0.149,192.168.0.121
192.168.0.149,192.168.0.121
192.168.0.149,192.168.0.121
192.168.0.149,192.168.0.121
192.168.0.149,192.168.0.121
192.168.0.149,192.168.0.121
192.168.0.149,192.168.0.121
192.168.0.149,162.159.133.234
192.168.0.149,192.168.0.121
192.168.0.149,192.168.0.121
192.168.0.149,192.168.0.121
192.168.0.149,192.168.0.121
192.168.0.149,192.168.0.121
192.168.0.149,192.168.0.121
192.168.0.149,192.168.0.121
192.168.0.149,192.168.0.121
192.168.0.149,192.168.0.121
192.168.0.149,192.168.0.121
192.168.0.149,192.168.0.121
192.168.0.149,192.168.0.121
192.168.0.149,192.168.0.121
192.168.0.149,192.168.0.121
192.168.0.149,192.168.0.121
192.168.0.149,192.168.0.121
192.168.0.149,192.168.0.121
192.168.0.149,192.168.0.121
192.168.0.149,192.168.0.121
192.168.0.149,192.168.0.121
192.168.0.149,192.168.0.121
192.168.0.149,192.168.0.121
192.168.0.149,192.168.0.121
192.168.0.149,192.168.0.121
192.168.0.149,192.168.0.121
192.168.0.149,192.168.0.121
192.168.0.149,192.168.0.121
192.168.0.149,192.168.0.121
192.168.0.149,192.168.0.121
192.168.0.149,192.168.0.121
192.168.0.149,192.168.0.121
192.168.0.149,192.168.0.121
192.168.0.149,192.168.0.121
192.168.0.149,192.168.0.121
192.168.0.149,192.168.0.121
192.168.0.149,192.168.0.121
192.168.0.149,192.168.0.121
192.168.0.149,192.168.0.121
192.168.0.149,192.168.0.121
192.168.0.149,192.168.0.121
192.168.0.149,192.168.0.121
192.168.0.149,192.168.0.121
192.168.0.149,192.168.0.121
192.168.0.149,192.168.0.121
192.168.0.149,192.168.0.121
192.168.0.149,192.168.0.121
192.168.0.149,192.168.0.121
192.168.0.149,192.168.0.121
192.168.0.149,192.168.0.121
192.168.0.149,192.168.0.121
192.168.0.149,192.168.0.121
192.168.0.149,192.168.0.121
192.168.0.149,192.168.0.121
192.168.0.149,192.168.0.121
192.168.0.149,192.168.0.121
192.168.0.149,192.168.0.121
192.168.0.149,192.168.0.121
192.168.0.149,192.168.0.121
192.168.0.149,192.168.0.121
192.168.0.149,192.168.0.121
192.168.0.149,192.168.0.121
192.168.0.149,192.168.0.121
192.168.0.149,192.168.0.121
192.168.0.149,192.168.0.121
192.168.0.149,192.168.0.121
192.168.0.149,192.168.0.121
192.168.0.149,192.168.0.121
192.168.0.149,192.168.0.121
192.168.0.149,192.168.0.121
192.168.0.149,192.168.0.121
192.168.0.149,192.168.0.121
192.168.0.149,192.168.0.121
192.168.0.149,192.168.0.121
192.168.0.149,192.168.0.121
192.168.0.149,192.168.0.121
192.168.0.149,192.168.0.121
192.168.0.149,192.168.0.121
192.168.0.149,192.168.0.121
192.168.0.149,192.168.0.121
192.168.0.149,192.168.0.121
192.168.0.149,192.168.0.121
192.168.0.149,192.168.0.121
192.168.0.149,192.168.0.121
192.168.0.149,192.168.0.121
192.168.0.149,192.168.0.121
192.168.0.149,192.168.0.121
192.168.0.149,192.168.0.121
